ISO3,Year,Access_Healthcare,Children_U5,Conflict_Probability,Food_Security,Governance,Hazard_Exposure,Health_Conditions,Human_Hazard,INFORM_Risk,Inequality,Infrastructure,Institutional,Lack_Coping_Capacity,Natural_Hazard,SocioEcon_Vulnerability,Uprooted_People,Vulnerability,Vulnerable_Groups,Total_CBPF,CBPF_Targeted,CBPF_Reached,Population,Total_PIN,HNO_Targeted,HNO_Reached,Dollars_Per_Person,WB_Population,Density_per_km2,Land_Area_km2,Birth_Rate,Infant_Mortality,Life_Expectancy,Maternal_Mortality,Fertility_Rate,Physicians_per_1000,Latitude,Longitude,GDP_per_capita,Urban_pct,Log_CBPF,CBPF_per_capita,INFORM_Risk_Change,Vulnerability_Change,Continent,Pop_Used,Need_Proxy,_y,_y_model,pred_log,pred_funding,actual_funding,funding_gap,funding_ratio_gap,flag_overlooked,flag_overfunded,beneficiaries_per_million,efficiency_robust_z,flag_low_efficiency,flag_high_efficiency
AFG,2018,8.4,8.1,0.990679646143303,5.4,8.2,8.6,2.2,10.0,8.0,9.1,7.3,7.7,7.5,5.4,8.1,9.3,7.8,7.4,62584769.94,3664615.0,4191929.0,,,,,,38041754,60,652230,32.49,47.9,64.5,638,4.47,0.28,33.93911,67.709953,502.1154869199775,25.8,17.95203253075514,1.645159945569282,,,Asia,38041754,30669572.33073675,62584769.94,17.95203253075514,,,62584769.94,,,False,False,66980.01772558758,0.21995567519249254,False,False
AFG,2019,8.0,7.9,0.993329756832764,5.5,8.2,8.6,2.2,10.0,8.1,9.0,7.1,7.7,7.4,5.6,8.0,9.8,8.4,8.7,63781104.43,2927036.0,3067062.0,,,,,,38041754,60,652230,32.49,47.9,64.5,638,4.47,0.28,33.93911,67.709953,502.1154869199775,25.8,17.97096755131822,1.676607877491664,0.09999999999999964,0.6000000000000005,Asia,38041754,32572817.72226216,63781104.43,17.97096755131822,,,63781104.43,,,False,False,48087.314062082834,-0.11647767173150189,False,False
AFG,2020,8.1,7.8,0.994464072353688,5.6,8.2,8.6,2.2,10.0,8.1,9.0,7.0,7.7,7.4,5.6,7.9,9.9,8.4,8.8,74274515.41,5532888.0,8346732.0,,,,,,38041754,60,652230,32.49,47.9,64.5,638,4.47,0.28,33.93911,67.709953,502.1154869199775,25.8,18.12327846848731,1.952447182377553,0.0,0.0,Asia,38041754,32572817.72226216,74274515.41,18.123278468487307,17.94488525390625,62139053.980641365,74274515.41,12135461.429358631,0.19529523949848482,False,False,112376.79510681608,1.028362456241687,False,False
AFG,2021,8.0,7.7,0.991411496004213,5.8,8.2,8.6,2.0,10.0,8.0,9.0,6.9,7.7,7.3,5.5,7.9,9.9,8.3,8.6,165403048.41,28460626.0,29662087.0,,,,,,38041754,60,652230,32.49,47.9,64.5,638,4.47,0.28,33.93911,67.709953,502.1154869199775,25.8,18.92389577696191,4.34793433578273,-0.09999999999999964,-0.09999999999999964,Asia,38041754,31896725.685377527,165403048.41,18.923895776961906,18.105323791503906,72952841.08310398,165403048.41,92450207.32689601,1.2672598620467936,False,True,179332.1663957153,2.220675640128484,False,False
AFG,2022,8.0,7.6,0.993720089640603,6.3,8.4,8.6,2.0,10.0,8.1,8.7,6.8,7.8,7.3,5.6,8.0,10.0,8.5,8.9,282670724.47,24228106.0,27791932.0,,,,,,38041754,60,652230,32.49,47.9,64.5,638,4.47,0.28,33.93911,67.709953,502.1154869199775,25.8,19.45979326395904,7.430538677843299,0.09999999999999964,0.1999999999999993,Asia,38041754,32818248.393190313,282670724.47,19.459793263959035,18.442739486694336,102230382.56370682,282670724.47,180440341.9062932,1.7650363559370263,False,True,98319.1027369771,0.7780289635744194,False,False
AFG,2023,7.9,7.5,0.971067370419526,6.8,8.2,8.6,1.9,10.0,8.1,8.9,6.8,7.7,7.3,5.6,8.2,10.0,8.6,8.9,134957920.4,8778046.0,11434660.0,,,,,,38041754,60,652230,32.49,47.9,64.5,638,4.47,0.28,33.93911,67.709953,502.1154869199775,25.8,18.72047359448291,3.547626126807928,0.0,0.09999999999999964,Asia,38041754,33063679.06411847,134957920.4,18.720473594482907,18.92776870727539,166044884.98589474,134957920.4,-31086964.585894734,-0.18722024823911632,False,False,84727.59483862996,0.5359970885486204,False,False
AFG,2024,7.9,7.4,0.916942255167403,7.1,8.5,7.8,1.9,9.1,7.9,8.9,6.8,7.8,7.3,5.6,8.2,10.0,8.5,8.8,55213329.07,3078158.0,2805648.0,,,,,,38041754,60,652230,32.49,47.9,64.5,638,4.47,0.28,33.93911,67.709953,502.1154869199775,25.8,17.82671496886945,1.451387574558208,-0.1999999999999993,-0.09999999999999964,Asia,38041754,31956925.661277357,55213329.07,17.82671496886945,18.417978286743164,99730118.11410388,55213329.07,-44516789.04410388,-0.44637256914878054,True,False,50814.686366622765,-0.06790976906034132,False,False
AFG,2025,7.9,7.3,0.92034199942548,7.3,8.7,7.6,1.9,8.9,7.8,8.9,6.8,7.9,7.4,5.6,8.1,10.0,8.3,8.4,73438742.96000001,4259577.0,998736.0,46024352.0,22887726.0,16790412.0,18100000.0,3.208651788299109,38041754,60,652230,32.49,47.9,64.5,638,4.47,0.28,33.93911,67.709953,502.1154869199775,25.8,18.11196220118908,1.930477310799076,-0.1000000000000005,-0.1999999999999993,Asia,46024352,22887726.0,73438742.96000001,18.111962201189076,17.86541175842285,57391785.48314038,73438742.96000001,16046957.47685963,0.2796037332132426,False,False,13599.579183025822,-0.730620797027107,False,False
BFA,2022,6.6,6.9,0.912171332446697,3.6,6.2,6.4,3.2,8.4,7.0,5.8,7.7,6.4,7.1,2.9,7.1,9.6,7.6,8.0,29449688.4,1736782.0,2403295.0,,,,,,20321378,76,274200,37.93,49.0,61.2,320,5.19,0.08,12.238333,-1.561593,774.8396902513206,30.0,17.19819392131695,1.449197411710958,0.09999999999999964,-0.2000000000000002,Africa,20321378,13820515.99097701,29449688.4,17.19819392131695,16.992145538330078,23965970.746630568,29449688.4,5483717.65336943,0.22881266573107206,False,False,81606.80572492554,0.4804233842621491,False,False
BFA,2023,6.2,6.6,0.9419114459885,3.8,6.3,7.2,3.1,9.2,7.4,5.4,7.6,6.5,7.1,3.0,7.0,9.8,8.0,8.7,20032043.22,927770.0,1654801.0,,,,,,20321378,76,274200,37.93,49.0,61.2,320,5.19,0.08,12.238333,-1.561593,774.8396902513206,30.0,16.81284376034758,0.9857620492074897,0.4000000000000004,0.4000000000000004,Africa,20321378,15265151.992179545,20032043.22,16.812843760347576,16.99520492553711,24039404.20741435,20032043.22,-4007360.9874143526,-0.16669967994374768,False,False,82607.69916197257,0.49824687500955694,False,False
BFA,2024,6.2,6.4,0.971416089641499,3.7,6.3,7.5,3.1,9.5,7.5,5.4,7.6,6.5,7.1,2.9,7.0,9.9,7.8,8.4,13999919.98,392442.0,385694.0,,,,,,20321378,76,274200,37.93,49.0,61.2,320,5.19,0.08,12.238333,-1.561593,774.8396902513206,30.0,16.45456224327789,0.688925720490018,0.09999999999999964,-0.2000000000000002,Africa,20321378,15232993.998995228,13999919.98,16.454562243277888,17.250925064086914,31044276.942235153,13999919.98,-17044356.962235153,-0.5490337879007459,True,False,27549.72889298259,-0.4822023789646018,False,False
BFA,2025,6.2,6.2,0.96481294083504,3.8,6.3,8.1,3.1,10.0,7.5,5.4,7.6,6.5,7.1,2.9,6.8,9.8,7.4,8.0,8997558.19,250575.0,1500.0,23449865.0,5915136.0,3672506.0,1800000.0,1.521107577239137,20321378,76,274200,37.93,49.0,61.2,320,5.19,0.08,12.238333,-1.561593,774.8396902513206,30.0,16.01246389740771,0.4427631920433742,0.0,-0.3999999999999995,Africa,23449865,5915136.0,8997558.19,16.01246389740771,16.74823760986328,18778770.417261295,8997558.19,-9781212.227261296,-0.5208654246217571,True,False,166.71189762355826,-0.9698276665205207,False,False
CAF,2018,9.9,9.2,0.978077945047261,6.2,8.2,7.0,8.8,9.1,8.2,9.2,9.6,8.2,9.0,2.8,8.8,9.8,8.7,8.6,28392819.98,2365454.0,2295414.0,,,,,,4745185,8,622984,35.35,84.5,52.8,829,4.72,0.06,6.611111,20.939444,467.9074407004152,41.8,17.16164688878222,5.983501165918716,,,Africa,4745185,4208571.8690025015,28392819.98,17.161646888782215,,,28392819.98,,,False,False,80844.87562475487,0.46685525244321185,False,False
CAF,2019,9.8,9.1,0.947777175372458,6.0,8.0,7.3,8.5,9.3,8.2,9.2,9.5,8.0,8.9,2.9,8.8,9.7,8.6,8.4,38998422.01000001,2938403.0,3108469.0,,,,,,4745185,8,622984,35.35,84.5,52.8,829,4.72,0.06,6.611111,20.939444,467.9074407004152,41.8,17.47903176763535,8.21852509649255,0.0,-0.09999999999999964,Africa,4745185,4177957.7722332464,38998422.01000001,17.47903176763535,,,38998422.01000001,,,False,False,79707.55840129162,0.44660238409683645,False,False
CAF,2020,9.8,8.9,0.940193456128522,5.8,8.1,7.0,9.0,9.1,8.2,9.2,9.5,8.1,8.9,2.8,8.8,9.7,8.7,8.5,30839970.34,2583604.0,2859898.0,,,,,,4745185,8,622984,35.35,84.5,52.8,829,4.72,0.06,6.611111,20.939444,467.9074407004152,41.8,17.24432217734639,6.499213484827252,0.0,0.09999999999999964,Africa,4745185,4208571.8690025015,30839970.34,17.24432217734639,17.320253372192383,33272884.439175148,30839970.34,-2432914.0991751477,-0.07312002371248161,False,False,92733.48736648838,0.6785626665746058,False,False
CAF,2021,9.7,8.9,0.920405099415168,5.6,8.0,6.7,8.7,8.8,8.0,9.2,9.4,8.0,8.8,2.8,8.9,9.8,8.7,8.5,23298106.64,3531299.0,2939960.0,,,,,,4745185,8,622984,35.35,84.5,52.8,829,4.72,0.06,6.611111,20.939444,467.9074407004152,41.8,16.96388269807025,4.909841584680049,-0.1999999999999993,0.0,Africa,4745185,4101133.718079378,23298106.64,16.963882698070254,17.29691505432129,32505342.66744919,23298106.64,-9207236.02744919,-0.2832530061794828,False,False,126188.79487941992,1.2743207581329548,False,False
CAF,2022,9.8,9.0,0.952936211727738,5.6,8.0,6.9,9.0,9.0,8.0,6.8,9.4,8.0,8.8,2.9,8.4,9.8,8.5,8.5,29493646.31,918714.0,924355.0,,,,,,4745185,8,622984,35.35,84.5,52.8,829,4.72,0.06,6.611111,20.939444,467.9074407004152,41.8,17.19968545269617,6.215489240145537,0.0,-0.1999999999999993,Africa,4745185,4039905.5245408663,29493646.31,17.199685452696166,17.320659637451172,33286404.80282981,29493646.31,-3792758.492829811,-0.11394317035125923,False,False,31340.817959671913,-0.4146922541084622,False,False
CAF,2023,9.8,8.9,0.952435635064754,5.8,8.0,7.1,8.9,9.1,8.2,6.8,9.4,8.0,8.8,3.1,8.4,9.5,8.7,9.0,15797063.92,1175334.0,1384961.0,,,,,,4745185,8,622984,35.35,84.5,52.8,829,4.72,0.06,6.611111,20.939444,467.9074407004152,41.8,16.57533471618386,3.329072295389958,0.1999999999999993,0.1999999999999993,Africa,4745185,4208571.8690025015,15797063.92,16.57533471618386,17.211212158203125,29835577.78267944,15797063.92,-14038513.862679439,-0.47052931117792096,True,False,87672.05139677171,0.5884307366051194,False,False
CAF,2024,9.8,8.8,0.927528448975959,6.0,8.1,6.8,8.9,8.8,8.1,6.8,9.4,8.1,8.8,3.1,8.4,9.6,8.8,9.1,18499917.63,527524.0,597711.0,,,,,,4745185,8,622984,35.35,84.5,52.8,829,4.72,0.06,6.611111,20.939444,467.9074407004152,41.8,16.7332768916605,3.89867152281734,-0.09999999999999964,0.1000000000000014,Africa,4745185,4185466.890310196,18499917.63,16.733276891660502,17.191347122192383,29248741.00064774,18499917.63,-10748823.37064774,-0.36749695894294043,True,False,32308.84655391253,-0.39745400670464487,False,False
CAF,2025,9.8,9.0,0.950680272689621,6.2,8.1,6.9,8.9,8.9,8.1,6.8,9.4,8.1,8.8,3.1,8.3,9.7,8.7,9.1,7100000.01,805178.0,6761.0,5296124.0,2440338.0,1772631.0,720000.0,2.909433041652427,4745185,8,622984,35.35,84.5,52.8,829,4.72,0.06,6.611111,20.939444,467.9074407004152,41.8,15.77560548426506,1.49625357283225,0.0,-0.1000000000000014,Africa,5296124,2440338.0,7100000.01,15.775605484265055,17.143516540527344,27882686.66871949,7100000.01,-20782686.658719487,-0.7453616972296571,True,False,952.2535196514383,-0.955839070618418,False,False
COD,2018,7.8,9.0,0.99386182626345,7.6,8.1,7.4,5.6,9.2,7.7,6.4,8.3,8.1,8.2,3.8,6.7,9.4,7.4,8.0,68521023.72,2857716.0,4278047.0,,,,,,86790567,40,2344858,41.18,68.2,60.4,473,5.92,0.07,-4.038333,21.758664,545.2162123102618,45.0,18.04265118635799,0.7894985145102232,,,Africa,86790567,64783902.22140917,68521023.72,18.04265118635799,,,68521023.72,,,False,False,62434.07888094474,0.13900350192735234,False,False
COD,2019,7.5,9.0,0.987295459858803,7.7,8.1,7.9,5.5,9.7,7.7,6.4,8.2,8.1,8.2,3.7,6.6,9.0,7.1,7.6,78446955.82,5312766.0,5687671.0,,,,,,86790567,40,2344858,41.18,68.2,60.4,473,5.92,0.07,-4.038333,21.758664,545.2162123102618,45.0,18.17793324505885,0.9038649997527957,0.0,-0.3000000000000007,Africa,86790567,63104084.79587366,78446955.82,18.177933245058853,,,78446955.82,,,False,False,72503.39978747051,0.31831374752116787,False,False
COD,2020,7.5,9.0,0.98417984067001,7.8,8.3,7.7,5.5,9.5,7.8,6.3,8.1,8.3,8.2,3.7,6.6,9.5,7.4,8.1,75000641.67,5542831.0,7099060.0,,,,,,86790567,40,2344858,41.18,68.2,60.4,473,5.92,0.07,-4.038333,21.758664,545.2162123102618,45.0,18.13300724039721,0.8641566043692283,0.09999999999999964,0.3000000000000007,Africa,86790567,65766436.9419785,75000641.67,18.133007240397205,18.150611877441406,76332691.48646992,75000641.67,-1332049.8164699227,-0.017450581009658572,False,False,94653.3235160966,0.7127503039219303,False,False
COD,2021,7.7,8.9,0.991820567860263,7.8,8.4,7.8,5.5,9.6,7.8,6.5,8.2,8.4,8.3,3.8,6.7,9.4,7.4,8.0,65132904.83,2815033.0,3541520.0,,,,,,86790567,40,2344858,41.18,68.2,60.4,473,5.92,0.07,-4.038333,21.758664,545.2162123102618,45.0,17.99194044537256,0.7504606443002038,0.0,0.0,Africa,86790567,65766436.9419785,65132904.83,17.99194044537256,18.11847496032715,73918592.6875542,65132904.83,-8785687.857554197,-0.118856265225318,False,False,54373.745638846645,-0.004531533515994082,False,False
COD,2022,7.9,8.9,0.991522286369386,8.1,8.3,7.9,5.2,9.7,7.8,6.5,8.1,8.3,8.2,3.8,6.7,9.4,7.4,8.0,38434815.36,1590179.0,1990631.0,,,,,,86790567,40,2344858,41.18,68.2,60.4,473,5.92,0.07,-4.038333,21.758664,545.2162123102618,45.0,17.46447428281718,0.4428455382714576,0.0,0.0,Africa,86790567,65766436.9419785,38434815.36,17.46447428281718,18.066692352294922,70188310.50077371,38434815.36,-31753495.140773714,-0.4524043236576222,True,False,51792.39138533506,-0.05049920794593784,False,False
COD,2023,7.9,8.9,0.994305299444456,8.4,8.3,7.9,5.2,9.7,8.0,6.5,8.0,8.3,8.2,4.0,6.7,9.5,7.9,8.8,42981475.66,2381875.0,3003301.0,,,,,,86790567,40,2344858,41.18,68.2,60.4,473,5.92,0.07,-4.038333,21.758664,545.2162123102618,45.0,17.57627980549864,0.4952321104204792,0.2000000000000002,0.5,Africa,86790567,70531202.09234303,42981475.66,17.576279805498643,17.506282806396484,40075782.471367374,42981475.66,2905693.1886326224,0.07250496458075717,False,False,69874.31105640468,0.27149603752546947,False,False
COD,2024,7.9,8.8,0.991951246165123,8.4,8.2,8.3,5.1,10.0,8.1,6.5,8.0,8.2,8.1,4.0,6.7,9.6,8.0,8.9,37000000.09,1687663.0,1641088.0,,,,,,86790567,40,2344858,41.18,68.2,60.4,473,5.92,0.07,-4.038333,21.758664,545.2162123102618,45.0,17.42642850006796,0.4263136118237366,0.09999999999999964,0.09999999999999964,Africa,86790567,72073675.95475753,37000000.09,17.426428500067956,17.734872817993164,50368311.646930024,37000000.09,-13368311.55693002,-0.26541115077747157,False,False,44353.729620643535,-0.1829637783274151,False,False
COD,2025,7.9,8.7,0.994343244272992,8.4,8.2,8.3,5.1,10.0,8.1,6.5,8.0,8.2,8.1,4.0,6.7,9.6,7.8,8.6,29796566.58,2184110.0,330246.0,117808862.0,21241767.0,10988449.0,9100000.0,1.402734837454906,86790567,40,2344858,41.18,68.2,60.4,473,5.92,0.07,-4.038333,21.758664,545.2162123102618,45.0,17.2099037629625,0.3433157266964277,0.0,-0.2000000000000002,Africa,117808862,21241767.0,29796566.58,17.209903762962497,17.824066162109375,55067273.15041419,29796566.58,-25270706.570414193,-0.45890608204601313,True,False,11083.357510411412,-0.775428617760337,False,False
COL,2024,3.0,1.2,0.941042111733976,1.4,5.6,7.5,0.7,8.3,5.2,6.3,2.6,3.6,3.1,6.4,3.8,10.0,6.1,7.7,3006015.08,30415.0,12669.0,,,,,,50339443,46,1138910,14.88,12.2,77.1,83,1.81,2.18,4.570868,-74.297333,6432.387583390623,81.1,14.91612619858215,0.05971490546687217,0.0,0.0,Americas,50339443,19106315.672124688,3006015.08,14.916126198582147,16.9525203704834,23034884.15079952,3006015.08,-20028869.070799522,-0.8695016193560642,True,False,4214.549714030526,-0.897745467559767,False,False
ETH,2018,7.3,6.6,0.90731406342415,4.2,6.5,6.7,3.5,8.4,6.8,4.7,8.2,6.0,7.3,3.8,6.4,8.3,6.5,6.6,84667535.84,10805164.0,11754541.0,,,,,,112078730,115,1104300,32.34,39.1,66.2,401,4.25,0.08,9.145,40.489673,857.5013510413618,21.2,18.25424281389968,0.7554291152299817,,,Africa,112078730,65732844.92312635,84667535.84,18.254242813899683,,,84667535.84,,,False,False,138831.73619312892,1.499460957063366,False,False
ETH,2019,7.3,6.6,0.915542487615914,4.1,6.5,6.6,3.2,8.4,6.8,4.7,8.2,6.0,7.3,3.6,6.4,8.6,6.6,6.7,61032490.42,9936601.0,11675372.0,,,,,,112078730,115,1104300,32.34,39.1,66.2,401,4.25,0.08,9.145,40.489673,857.5013510413618,21.2,17.92691692656144,0.5445501605880081,0.0,0.09999999999999964,Africa,112078730,66455933.50365488,61032490.42,17.926916926561443,,,61032490.42,,,False,False,191297.6501444344,2.433751958735148,False,False
ETH,2020,7.5,6.6,0.904832470906155,4.4,6.3,6.6,3.0,8.4,6.7,4.6,8.3,5.9,7.3,3.6,6.1,8.3,6.3,6.4,57478521.56,7249316.0,8349182.0,,,,,,112078730,115,1104300,32.34,39.1,66.2,401,4.25,0.08,9.145,40.489673,857.5013510413618,21.2,17.86692191529569,0.5128405858988588,-0.09999999999999964,-0.2999999999999998,Africa,112078730,63017851.95098793,57478521.56,17.866921915295695,17.870838165283203,57704063.17366722,57478521.56,-225541.61366721988,-0.003908591549063423,False,False,145257.42439528994,1.6138869188868747,False,False
ETH,2021,7.3,6.6,0.988647141832365,4.8,6.2,6.9,3.0,8.8,6.8,4.6,8.2,5.8,7.2,3.6,6.1,8.5,6.4,6.6,98519150.26,26741692.0,19217886.0,,,,,,112078730,115,1104300,32.34,39.1,66.2,401,4.25,0.08,9.145,40.489673,857.5013510413618,21.2,18.40576151627898,0.8790173680590421,0.09999999999999964,0.1000000000000005,Africa,112078730,65009756.34259782,98519150.26,18.405761516278975,18.049726486206055,69007549.64457396,98519150.26,29511600.61542605,0.42765756453354276,False,True,195067.5168136081,2.5008841640328647,False,True
ETH,2022,7.4,6.6,0.9961847250593,5.4,6.2,7.7,2.8,9.6,7.2,4.6,8.1,5.8,7.1,3.6,6.0,8.9,6.8,7.4,63908474.3,6407257.0,7682576.0,,,,,,112078730,115,1104300,32.34,39.1,66.2,401,4.25,0.08,9.145,40.489673,857.5013510413618,21.2,17.9729625443555,0.5702105502087684,0.4000000000000004,0.3999999999999995,Africa,112078730,72977373.90903737,63908474.3,17.972962544355497,18.164936065673828,77433963.92873651,63908474.3,-13525489.62873651,-0.17467128043689195,False,False,120212.1640991794,1.1678914226318933,False,False
ETH,2023,7.4,6.6,0.997800282292602,5.8,6.4,8.2,2.7,10.0,7.4,4.6,8.0,5.9,7.1,3.6,6.0,8.9,7.1,8.0,59982606.78,3105549.0,3579180.0,,,,,,112078730,115,1104300,32.34,39.1,66.2,401,4.25,0.08,9.145,40.489673,857.5013510413618,21.2,17.90956520783251,0.5351827842803001,0.2000000000000002,0.2999999999999998,Africa,112078730,77684271.2727857,59982606.78,17.909565207832514,18.08803939819336,71702730.29312643,59982606.78,-11720123.513126433,-0.16345435473954262,False,False,59670.29764257821,0.08978724422541452,False,False
ETH,2024,7.4,6.5,0.982711256042515,5.8,6.4,8.2,2.8,10.0,7.4,4.6,8.0,5.9,7.1,3.7,6.0,8.7,7.1,7.9,63903768.73,5176402.0,5202777.0,,,,,,112078730,115,1104300,32.34,39.1,66.2,401,4.25,0.08,9.145,40.489673,857.5013510413618,21.2,17.97288891181737,0.5701685657037691,0.0,0.0,Africa,112078730,77684271.2727857,63903768.73,17.972888911817375,17.968997955322266,63655605.05223425,63903768.73,248163.6777657494,0.0038985361550190056,False,False,81415.80854019507,0.4770221864634423,False,False
ETH,2025,7.4,6.5,0.988083336603627,5.4,6.4,7.8,2.8,9.6,7.1,4.6,8.0,5.9,7.1,3.7,6.0,8.7,6.6,7.1,44200860.68,3732085.0,1227527.0,,,,,,112078730,115,1104300,32.34,39.1,66.2,401,4.25,0.08,9.145,40.489673,857.5013510413618,21.2,17.60425484188053,0.394373318469972,-0.3000000000000007,-0.5,Africa,112078730,70262380.93689895,44200860.68,17.604254841880525,17.973241806030273,63926323.98009459,44200860.68,-19725463.30009459,-0.30856558099972575,False,False,27771.56329283108,-0.47825204496618784,False,False
HTI,2024,8.0,3.7,0.855153374374784,9.2,8.9,7.2,2.6,7.9,7.0,6.2,6.3,8.0,7.2,6.3,6.6,7.8,6.7,6.8,4026011.8,148615.0,128967.0,,,,,,11263077,414,27750,24.35,49.5,63.7,480,2.94,0.23,18.971187,-72.285215,754.5879177599514,56.2,15.20828706451115,0.3574522131030445,0.2000000000000002,0.2999999999999998,Americas,11263077,7006004.073002181,4026011.8,15.208287064511147,16.550979614257812,15416972.168512985,4026011.8,-11390960.368512984,-0.7388584635170733,True,False,32033.438145403983,-0.40235836419078524,False,False
HTI,2025,8.0,3.6,0.908829513410885,9.4,9.0,7.5,2.6,8.4,7.2,6.2,6.3,8.1,7.3,6.3,6.6,7.7,6.7,6.7,2162359.06,49267.0,0.0,11899555.0,5986456.0,3941924.0,2200000.0,0.361208544755027,11263077,414,27750,24.35,49.5,63.7,480,2.94,0.23,18.971187,-72.285215,754.5879177599514,56.2,14.58671080355552,0.1919865290808187,0.2000000000000002,0.0,Americas,11899555,5986456.0,2162359.06,14.586710803555523,15.126392364501953,3709442.281771444,2162359.06,-1547083.2217714437,-0.4170662607082364,True,False,0.0,-0.9727964021069412,False,False
IRQ,2018,5.7,6.4,0.995853112519311,4.3,7.8,8.4,0.3,9.9,6.4,4.4,4.2,6.1,5.2,5.2,4.4,9.6,6.1,7.4,36590937.66,12702879.0,10879897.0,,,,,,39309783,93,438317,29.08,22.5,70.5,79,3.67,0.71,33.223191,43.679291,5955.109010370268,70.7,17.41531119012357,0.9308354019659685,,,MENA,39309783,20260209.51822903,36590937.66,17.415311190123575,,,36590937.66,,,False,False,297338.567838785,4.322084168154035,False,True
IRQ,2019,5.7,6.0,0.981134126599481,4.3,7.9,8.0,0.4,9.5,6.2,4.4,4.3,6.1,5.3,5.2,4.1,9.3,5.7,7.0,82350483.05,3587380.0,4378487.0,,,,,,39309783,93,438317,29.08,22.5,70.5,79,3.67,0.71,33.223191,43.679291,5955.109010370268,70.7,18.22649489253057,2.094910649850191,-0.2000000000000002,-0.3999999999999995,MENA,39309783,18355730.683015846,82350483.05,18.226494892530575,,,82350483.05,,,False,False,53168.92916448814,-0.02598640022628926,False,False
IRQ,2020,5.5,5.7,0.97942993249462,4.3,7.8,7.6,0.3,9.0,6.0,4.4,4.1,6.1,5.2,5.3,4.0,9.1,5.6,6.8,27594112.58,1954330.0,5676841.0,,,,,,39309783,93,438317,29.08,22.5,70.5,79,3.67,0.71,33.223191,43.679291,5955.109010370268,70.7,17.13311303185384,0.7019655280213579,-0.2000000000000002,-0.1000000000000005,MENA,39309783,17212086.357357364,27594112.58,17.133113031853842,17.895862579345703,59166292.98493944,27594112.58,-31572180.404939443,-0.5336176868977751,True,False,205726.52892301398,2.690695383366073,False,True
IRQ,2021,5.5,5.4,0.973483238467075,4.2,7.8,7.8,0.3,9.2,6.0,4.4,4.0,6.1,5.1,5.3,4.1,8.9,5.4,6.5,25391271.47,835847.0,1308412.0,,,,,,39309783,93,438317,29.08,22.5,70.5,79,3.67,0.71,33.223191,43.679291,5955.109010370268,70.7,17.04991606940024,0.6459275409889695,0.0,-0.1999999999999993,MENA,39309783,16704863.350987561,25391271.47,17.049916069400236,17.009754180908203,24391716.37782587,25391271.47,999555.0921741277,0.04097928479862145,False,False,51529.991378902385,-0.0551719172610982,False,False
IRQ,2022,5.6,5.2,0.973971727411922,4.1,7.7,8.2,0.3,9.5,6.3,4.3,3.9,6.0,5.0,5.7,4.0,8.9,6.2,7.7,8386519.220000001,151897.0,223816.0,,,,,,39309783,93,438317,29.08,22.5,70.5,79,3.67,0.71,33.223191,43.679291,5955.109010370268,70.7,15.94213623913175,0.2133443275430953,0.2999999999999998,0.7999999999999998,MENA,39309783,20068804.61017714,8386519.220000001,15.942136239131747,17.32620620727539,33471543.14353994,8386519.220000001,-25085023.923539937,-0.7494433051970413,True,False,26687.59161006399,-0.49755495828656304,False,False
JOR,2018,3.2,4.5,0.147111041546835,2.3,5.1,3.1,0.1,2.9,4.0,4.0,2.7,4.2,3.5,3.3,3.5,10.0,6.0,7.7,10372517.73,155137.0,259372.0,,,,,,10101694,115,89342,21.98,13.9,74.4,46,2.76,2.32,30.585164,36.238414,4330.329345949303,91.2,16.15467043692385,1.026809734090144,,,MENA,10101694,2396616.141533272,10372517.73,16.15467043692385,,,10372517.73,,,False,False,25005.693576673624,-0.5275054934051261,False,False
JOR,2019,3.3,4.3,0.104294236891056,2.5,5.0,2.9,0.1,2.4,4.0,4.1,2.8,4.1,3.5,3.4,3.5,10.0,6.1,7.8,8753790.86,64346.0,74311.0,,,,,,10101694,115,89342,21.98,13.9,74.4,46,2.76,2.32,30.585164,36.238414,4330.329345949303,91.2,15.98499751989102,0.8665666233801974,0.0,0.09999999999999964,MENA,10101694,2461788.3608775986,8753790.86,15.984997519891024,,,8753790.86,,,False,False,8489.007925820037,-0.8216277075984421,False,False
JOR,2020,3.4,4.0,0.0991632789732113,3.0,5.1,2.8,0.1,2.1,3.9,4.1,2.8,4.2,3.5,3.4,3.5,10.0,6.1,7.8,8334514.42,1114358.0,806239.0,,,,,,10101694,115,89342,21.98,13.9,74.4,46,2.76,2.32,30.585164,36.238414,4330.329345949303,91.2,15.93591593450455,0.8250610659954657,-0.1000000000000001,0.0,MENA,10101694,2347429.5608991757,8334514.42,15.935915934504548,16.451791763305664,13961187.15834018,8334514.42,-5626672.73834018,-0.4030225133812422,True,False,96734.96970244189,0.7498193865718932,False,False
JOR,2021,3.7,3.9,0.0611176876332827,3.4,5.0,2.7,0.1,1.9,3.9,4.2,2.9,4.1,3.5,3.4,3.6,10.0,6.1,7.8,2022680.58,59239.0,63007.0,,,,,,10101694,115,89342,21.98,13.9,74.4,46,2.76,2.32,30.585164,36.238414,4330.329345949303,91.2,14.51993470386008,0.2002318205243596,0.0,0.0,MENA,10101694,2347429.5608991757,2022680.58,14.51993470386008,16.213157653808594,10997269.392232321,2022680.58,-8974588.812232321,-0.8160742900934412,True,False,31150.24714819269,-0.41808585923104863,False,False
JOR,2022,3.6,3.7,0.0647826738786448,4.0,4.9,2.7,0.1,1.9,3.8,4.2,2.7,4.1,3.4,3.4,3.7,10.0,6.2,7.8,400000.02,112.0,126.0,,,,,,10101694,115,89342,21.98,13.9,74.4,46,2.76,2.32,30.585164,36.238414,4330.329345949303,91.2,12.89922237608687,0.03959732100378412,-0.1000000000000001,0.1000000000000005,MENA,10101694,2298242.9802650805,400000.02,12.899222376086868,15.67141056060791,6397452.385373554,400000.02,-5997452.365373554,-0.9374751079172521,True,False,314.99998346250084,-0.9671870144510067,False,False
LBN,2018,3.5,2.9,0.770188197934751,1.9,6.6,6.2,0.1,7.8,5.8,3.8,2.4,7.0,5.1,3.9,3.6,10.0,6.2,7.9,14695922.66,115642.0,140415.0,,,,,,6855713,667,10400,17.55,6.4,78.9,29,2.09,2.1,33.854721,35.862285,7784.316856904599,88.8,16.50308071125283,2.14360237366996,,,MENA,6855713,3111984.6345069963,14695922.66,16.503080711252828,,,14695922.66,,,False,False,9554.69100096947,-0.8026504701358464,False,False
LBN,2019,3.3,2.8,0.138325505655227,2.0,6.8,4.6,0.1,5.3,5.2,3.6,2.1,7.1,5.1,3.9,3.6,10.0,6.0,7.7,10964198.82,563076.0,393377.0,,,,,,6855713,667,10400,17.55,6.4,78.9,29,2.09,2.1,33.854721,35.862285,7784.316856904599,88.8,16.21014596133907,1.599279144269896,-0.5999999999999996,-0.2000000000000002,MENA,6855713,2557852.7500077877,10964198.82,16.210145961339066,,,10964198.82,,,False,False,35878.316913275536,-0.3338903748849038,False,False
LBN,2020,3.1,2.6,0.0693414962493242,1.9,6.9,4.0,0.2,4.1,5.0,3.4,2.0,7.1,5.1,3.9,3.6,10.0,6.0,7.7,16210106.03,195420.0,248692.0,,,,,,6855713,667,10400,17.55,6.4,78.9,29,2.09,2.1,33.854721,35.862285,7784.316856904599,88.8,16.60114549640443,2.364466836636831,-0.2000000000000002,0.0,MENA,6855713,2402629.0594710377,16210106.03,16.601145496404435,16.23439598083496,11233330.91996082,16210106.03,4976775.11003918,0.4430364551262178,False,True,15341.787371680643,-0.6995962839459128,False,False
LBN,2021,3.9,2.3,0.334998963687207,1.9,7.5,4.5,0.1,5.0,5.3,3.5,2.2,7.4,5.4,3.9,4.2,10.0,6.3,7.7,25267473.8,262345.0,301652.0,,,,,,6855713,667,10400,17.55,6.4,78.9,29,2.09,2.1,33.854721,35.862285,7784.316856904599,88.8,17.04502854560187,3.685608455313109,0.2999999999999998,0.2999999999999998,MENA,6855713,2768155.8146095998,25267473.8,17.045028545601873,17.093616485595703,26525482.903473858,25267473.8,-1258009.103473857,-0.04742643547911074,False,False,11938.352142985566,-0.7602032317614751,False,False
LBN,2022,4.5,2.1,0.0709499722867434,2.2,7.6,4.2,0.1,4.4,5.3,3.4,2.4,7.5,5.5,3.9,4.6,10.0,6.4,7.7,28340770.36,1037258.0,2615207.0,,,,,,6855713,667,10400,17.55,6.4,78.9,29,2.09,2.1,33.854721,35.862285,7784.316856904599,88.8,17.15981200992274,4.133891013232321,0.0,0.1000000000000005,MENA,6855713,2812386.2210540785,28340770.36,17.159812009922742,17.034547805786133,25004034.899576098,28340770.36,3336735.4604239017,0.13344788046510336,False,False,92277.20230212269,0.6704373334253587,False,False
LBN,2023,4.5,2.0,0.0636670468367355,2.5,7.8,3.9,0.1,3.8,5.2,3.3,2.4,7.6,5.6,3.9,4.6,10.0,6.5,7.8,26686329.11,244541.0,467055.0,,,,,,6855713,667,10400,17.55,6.4,78.9,29,2.09,2.1,33.854721,35.862285,7784.316856904599,88.8,17.09966201136463,3.892568010066932,-0.09999999999999964,0.09999999999999964,MENA,6855713,2779004.782230183,26686329.11,17.09966201136463,16.427654266357422,13628233.52074274,26686329.11,13058095.589257259,0.9581649426084671,False,True,17501.657798542317,-0.6611342168128262,False,False
LBN,2024,4.5,1.9,0.613201170080003,2.7,7.9,5.2,0.1,6.2,5.9,3.3,2.4,7.6,5.6,3.9,4.6,10.0,7.1,8.6,65617457.71,2598490.0,2673341.0,,,,,,6855713,667,10400,17.55,6.4,78.9,29,2.09,2.1,33.854721,35.862285,7784.316856904599,88.8,17.9993523573776,9.571208379055541,0.7000000000000002,0.5999999999999996,MENA,6855713,3587670.137775683,65617457.71,17.999352357377603,16.98182487487793,23719898.019054532,65617457.71,41897559.69094547,1.7663465356085664,False,True,40741.30716514861,-0.24729228306934029,False,False
LBN,2025,4.5,1.9,0.97525313903443,2.5,8.0,7.1,0.1,8.9,6.6,3.3,2.4,7.7,5.7,3.9,4.6,10.0,7.1,8.6,35093106.64,1272840.0,130293.0,,,,,,6855713,667,10400,17.55,6.4,78.9,29,2.09,2.1,33.854721,35.862285,7784.316856904599,88.8,17.37351530562149,5.118812097297539,0.6999999999999993,0.0,MENA,6855713,4130953.0546543077,35093106.64,17.37351530562149,17.60261344909668,44128369.214358345,35093106.64,-9035262.574358344,-0.20474952361073162,False,False,3712.7804424067717,-0.906680764404659,False,False
MLI,2023,7.5,8.5,0.961620641651966,1.6,7.3,7.5,4.2,9.2,7.2,5.4,6.6,7.3,7.0,4.3,7.0,7.7,7.1,7.2,5347230.34,237912.0,330136.0,,,,,,19658031,17,1240192,41.54,62.0,58.9,562,5.88,0.13,17.570692,-3.996166,890.7372854890706,43.1,15.49208947837741,0.2720125092894604,0.1000000000000005,-0.1000000000000005,Africa,19658031,13180332.894544536,5347230.34,15.492089478377407,16.653303146362305,17078024.666760948,5347230.34,-11730794.326760948,-0.686894096692146,True,False,61739.625740203366,0.1266369715152536,False,False
MLI,2024,7.5,8.3,0.954410514692782,1.9,7.3,8.0,4.2,9.7,7.2,5.4,6.6,7.3,7.0,4.3,7.0,7.6,6.6,6.1,4199985.609999999,72895.0,15133.0,,,,,,19658031,17,1240192,41.54,62.0,58.9,562,5.88,0.13,17.570692,-3.996166,890.7372854890706,43.1,15.25059189515328,0.2136524054723486,0.0,-0.5,Africa,19658031,12546202.86238875,4199985.609999999,15.250591895153276,16.169384002685547,10526262.761598857,4199985.609999999,-6326277.151598858,-0.6009993570251657,True,False,3603.1075821702384,-0.9086337727243406,False,False
MLI,2025,7.5,8.2,0.953046873929891,2.3,7.3,7.9,4.2,9.6,7.1,5.4,6.6,7.3,7.0,4.3,7.0,7.7,6.6,6.2,8012337.23,155418.0,6518.0,23134540.0,6431534.0,4709012.0,1800000.0,1.245789453962305,19658031,17,1240192,41.54,62.0,58.9,562,5.88,0.13,17.570692,-3.996166,890.7372854890706,43.1,15.89649319030366,0.4075859494778495,-0.1000000000000005,0.0,Africa,23134540,6431534.0,8012337.23,15.89649319030366,15.486151695251465,5315573.718067057,8012337.23,2696763.511932943,0.5073325392453754,False,True,813.4954648166381,-0.9583100158908467,False,False
MMR,2018,5.5,2.4,0.948938413758933,2.1,7.1,7.8,4.1,8.3,6.5,4.1,5.5,6.7,6.1,7.2,5.1,8.5,5.8,6.5,12815852.52,769924.0,884274.0,,,,,,54045420,83,676578,17.55,36.8,66.9,250,2.15,0.68,21.916221,95.955974,1407.813143407897,30.9,16.36619351876179,0.2371311485783624,,,Asia,54045420,27420731.651800074,12815852.52,16.36619351876179,,,12815852.52,,,False,False,68998.45316969999,0.25589912744303117,False,False
MMR,2019,5.4,2.4,0.82961575179866,2.0,7.2,7.3,4.2,7.3,6.3,4.1,5.3,6.8,6.1,7.2,5.1,8.3,5.7,6.3,15495875.37,672517.0,733253.0,,,,,,54045420,83,676578,17.55,36.8,66.9,250,2.15,0.68,21.916221,95.955974,1407.813143407897,30.9,16.55608450584922,0.2867194920494651,-0.2000000000000002,-0.09999999999999964,Asia,54045420,25848381.636262484,15495875.37,16.556084505849224,,,15495875.37,,,False,False,47319.23705144518,-0.1301552651552197,False,False
MMR,2020,5.5,2.4,0.922658117817034,2.0,7.3,7.6,3.1,8.1,6.3,4.0,4.8,6.8,5.9,7.1,5.0,8.4,5.7,6.3,16544732.78,1396643.0,1359203.0,,,,,,54045420,83,676578,17.55,36.8,66.9,250,2.15,0.68,21.916221,95.955974,1407.813143407897,30.9,16.62157840854656,0.3061264540084987,0.0,0.0,Asia,54045420,25848381.636262484,16544732.78,16.62157840854656,16.6376953125,16813543.041147962,16544732.78,-268810.2611479629,-0.01598772254545644,False,False,82153.21564824009,0.4901536231187668,False,False
MMR,2021,5.4,2.3,0.834370151628326,2.0,7.1,7.3,3.0,7.4,6.2,3.9,4.8,6.7,5.8,7.1,5.0,8.4,5.6,6.2,20857614.5,1200877.0,1222115.0,,,,,,54045420,83,676578,17.55,36.8,66.9,250,2.15,0.68,21.916221,95.955974,1407.813143407897,30.9,16.85322969131945,0.3859275124515639,-0.09999999999999964,-0.1000000000000005,Asia,54045420,24887866.564005677,20857614.5,16.853229691319445,15.889592170715332,7957234.2788843755,20857614.5,12900380.221115625,1.6212140762712703,False,True,58593.229822202666,0.07060727199237439,False,False
MMR,2022,7.3,2.3,0.986528426075944,2.0,7.5,8.0,3.3,8.6,6.6,3.9,5.4,6.9,6.2,7.2,5.0,8.5,5.7,6.4,24695346.51,965605.0,1049801.0,,,,,,54045420,83,676578,17.55,36.8,66.9,250,2.15,0.68,21.916221,95.955974,1407.813143407897,30.9,17.02212542393722,0.4569368969655523,0.3999999999999995,0.1000000000000005,Asia,54045420,27683886.46610484,24695346.51,17.02212542393722,17.063982009887695,25750947.256411735,24695346.51,-1055600.7464117333,-0.04099269575991615,False,False,42510.07369070077,-0.2157948302580656,False,False
MMR,2023,6.3,2.2,0.992912940386994,2.0,8.1,8.3,3.9,9.1,6.8,3.9,5.1,7.2,6.3,7.1,4.9,9.0,6.0,6.9,35639378.82,1600867.0,1834622.0,,,,,,54045420,83,676578,17.55,36.8,66.9,250,2.15,0.68,21.916221,95.955974,1407.813143407897,30.9,17.38896175918091,0.6594338395371893,0.2000000000000002,0.2999999999999998,Asia,54045420,29953596.739594467,35639378.82,17.388961759180912,17.271629333496094,31693726.021108657,35639378.82,3945652.798891343,0.12449318190809944,False,False,51477.384306119704,-0.05610872196006463,False,False
MMR,2024,6.3,2.1,0.992589429135006,2.0,8.3,8.4,4.2,9.2,6.9,3.9,5.1,7.3,6.3,7.2,4.8,9.4,6.3,7.4,27894424.96,1349223.0,982972.0,,,,,,54045420,83,676578,17.55,36.8,66.9,250,2.15,0.68,21.916221,95.955974,1407.813143407897,30.9,17.14393744045171,0.5161293030935832,0.1000000000000005,0.2999999999999998,Asia,54045420,31611472.069803316,27894424.96,17.143937440451708,17.57337188720703,42856670.58724268,27894424.96,-14962245.627242677,-0.34912291184132604,False,False,35239.01286276098,-0.34527483341701726,False,False
MMR,2025,6.3,2.0,0.989881389863705,2.0,8.5,8.4,4.2,9.2,7.0,3.9,5.1,7.4,6.4,7.2,4.8,9.4,6.3,7.5,35848382.97,1253567.0,422633.0,57000000.0,1957173.0,1132893.0,1000000.0,18.31640992901496,54045420,83,676578,17.55,36.8,66.9,250,2.15,0.68,21.916221,95.955974,1407.813143407897,30.9,17.39480904644855,0.6633010340191638,0.09999999999999964,0.0,Asia,57000000,1957173.0,35848382.97,17.394809046448554,17.211400985717773,29841212.092808716,35848382.97,6007170.877191283,0.20130452002111943,False,False,11789.457849239514,-0.7628546789272734,False,False
MOZ,2025,6.6,7.8,0.948863458824179,6.7,7.0,7.1,8.2,8.4,7.1,6.4,7.3,6.1,6.7,5.1,7.4,7.9,7.6,7.7,2287877.25,1230527.0,22807.0,34900000.0,1305029.0,1097096.0,1105000.0,1.753123685374042,30366036,40,799380,37.52,54.0,60.2,289,4.85,0.08,-18.665695,35.529562,491.8047230794299,36.5,14.64313541765341,0.07534329637230226,0.0,-0.1000000000000005,Africa,34900000,1305029.0,2287877.25,14.643135417653408,16.641643524169922,16880057.69250072,2287877.25,-14592180.442500722,-0.8644627114623884,True,False,9968.62921296646,-0.7952792319815691,False,False
NER,2021,7.3,9.0,0.938774008740725,3.1,6.6,7.0,3.8,8.8,7.6,5.8,8.5,7.3,8.0,3.8,7.7,8.0,7.8,7.8,12482617.94,505293.0,594902.0,,,,,,23310715,19,1267000,46.08,48.0,62.0,509,6.91,0.04,17.607789,8.081666,554.6009686961554,16.5,16.33984774985146,0.5354884198103748,0.5,0.8999999999999995,Africa,23310715,17737709.000494592,12482617.94,16.33984774985146,17.84705352783203,56347786.14412451,12482617.94,-43865168.20412451,-0.7784719011307317,True,False,47658.43213433652,-0.1241150213113629,False,False
NER,2022,7.1,8.9,0.923249516737922,2.9,6.6,6.8,3.6,8.6,7.4,5.1,8.4,7.3,7.9,3.8,7.3,8.0,7.4,7.5,8999635.84,179851.0,331152.0,,,,,,23310715,19,1267000,46.08,48.0,62.0,509,6.91,0.04,17.607789,8.081666,554.6009686961554,16.5,16.01269478337526,0.3860729214011668,-0.1999999999999993,-0.3999999999999995,Africa,23310715,16608352.388396623,8999635.84,16.012694783375256,16.625080108642578,16602769.02933302,8999635.84,-7603133.18933302,-0.45794368252067774,True,False,36796.15551679965,-0.31754588979587134,False,False
NER,2023,7.4,8.7,0.917975884714777,3.2,6.6,7.2,3.5,9.0,7.7,5.1,8.5,7.3,8.0,3.8,7.6,8.4,7.8,7.9,10993493.0,196157.0,297015.0,,,,,,23310715,19,1267000,46.08,48.0,62.0,509,6.91,0.04,17.607789,8.081666,554.6009686961554,16.5,16.21281420123895,0.4716068554739741,0.2999999999999998,0.3999999999999995,Africa,23310715,18001603.88723726,10993493.0,16.212814201238952,16.465896606445312,14159502.845343607,10993493.0,-3166009.8453436065,-0.2235961163272593,False,False,27017.34562190403,-0.4916828370782437,False,False
NER,2024,7.4,8.6,0.915338788412732,3.2,6.6,7.1,3.5,8.9,7.6,5.1,8.5,7.3,8.0,3.8,7.5,8.3,7.6,7.7,8777317.27,378680.0,118693.0,,,,,,23310715,19,1267000,46.08,48.0,62.0,509,6.91,0.04,17.607789,8.081666,554.6009686961554,16.5,15.98768148273748,0.3765357377497859,-0.1000000000000005,-0.2000000000000002,Africa,23310715,17436925.581188265,8777317.27,15.987681482737479,16.609275817871094,16342436.627367388,8777317.27,-7565119.357367389,-0.46291257110941963,True,False,13522.696780274562,-0.7319898866258144,False,False
NER,2025,7.4,8.5,0.940818706435123,3.4,6.5,7.5,3.5,9.3,7.8,5.1,8.5,7.3,8.0,3.8,7.5,8.5,7.8,8.0,4998011.6,184167.0,0.0,27522775.0,2580329.0,2132111.0,844290.0,1.936966797644796,23310715,19,1267000,46.08,48.0,62.0,509,6.91,0.04,17.607789,8.081666,554.6009686961554,16.5,15.42455091138226,0.2144083353942597,0.2000000000000002,0.2000000000000002,Africa,27522775,2580329.0,4998011.6,15.42455091138226,16.38875389099121,13108269.05629322,4998011.6,-8110257.45629322,-0.618713075041706,True,False,0.0,-0.9727964021069412,False,False
NGA,2018,9.0,7.8,0.993613070159164,3.1,7.2,7.6,5.6,9.2,7.1,5.9,7.5,7.2,7.4,4.7,6.0,7.8,6.3,6.6,36066923.52,9137836.0,9972692.0,,,,,,200963599,226,923768,37.91,75.7,54.3,917,5.39,0.38,9.081999,8.675277,2229.858696245781,51.2,17.40088678503604,0.1794699323632237,,,Africa,200963599,122094865.7856112,36066923.52,17.40088678503604,,,36066923.52,,,False,False,276505.2027294036,3.951092335736836,False,True
NGA,2019,8.8,7.5,0.993842342091265,3.1,7.3,7.5,5.4,9.2,7.0,5.8,7.3,7.3,7.3,4.4,5.8,7.9,6.2,6.5,27692844.53,3002762.0,3268016.0,,,,,,200963599,226,923768,37.91,75.7,54.3,917,5.39,0.38,9.081999,8.675277,2229.858696245781,51.2,17.13668465368096,0.1378003014864398,-0.09999999999999964,-0.09999999999999964,Africa,200963599,118523266.82654175,27692844.53,17.136684653680955,,,27692844.53,,,False,False,118009.40117732248,1.1286655439286792,False,False
NGA,2020,9.0,7.3,0.992597913758602,3.3,7.4,7.5,5.4,9.2,7.0,5.9,7.3,7.4,7.4,4.4,5.9,8.0,6.2,6.5,23358102.5,3503512.0,4511703.0,,,,,,200963599,226,923768,37.91,75.7,54.3,917,5.39,0.38,9.081999,8.675277,2229.858696245781,51.2,16.96645452684088,0.1162305144624724,0.0,0.0,Africa,200963599,118523266.82654175,23358102.5,16.966454526840884,17.15638542175293,28243824.399932053,23358102.5,-4885721.899932053,-0.17298372312298493,False,False,193153.6604827745,2.466803012791509,False,False
NGA,2021,9.1,7.0,0.99369518623303,3.4,7.4,7.7,5.5,9.4,7.0,5.8,7.2,7.4,7.3,4.4,5.8,8.1,6.2,6.6,31434295.69,3584766.0,4364432.0,,,,,,200963599,226,923768,37.91,75.7,54.3,917,5.39,0.38,9.081999,8.675277,2229.858696245781,51.2,17.26341010607995,0.1564178579922825,0.0,0.0,Africa,200963599,118523266.82654175,31434295.69,17.263410106079945,17.12752914428711,27440459.542148475,31434295.69,3993836.1478515267,0.14554552709720503,False,False,138843.0026523415,1.4996615854460678,False,False
NGA,2022,9.0,6.8,0.993630710132065,3.8,7.4,7.6,5.4,9.2,7.0,5.8,7.1,7.4,7.3,4.5,5.6,8.2,6.2,6.7,24710819.97,4008268.0,4811499.0,,,,,,200963599,226,923768,37.91,75.7,54.3,917,5.39,0.38,9.081999,8.675277,2229.858696245781,51.2,17.02275180161361,0.1229616711332882,0.0,0.0,Africa,200963599,118523266.82654175,24710819.97,17.02275180161361,17.307619094848633,32855150.019488983,24710819.97,-8144330.049488984,-0.24788594922433593,False,False,194712.23559746923,2.4945574650715234,False,False
NGA,2023,9.0,6.6,0.9929558491294,4.1,7.4,7.6,5.3,9.2,7.2,5.8,6.9,7.4,7.2,4.7,5.6,8.2,6.8,7.7,23973602.54,1642223.0,2262684.0,,,,,,200963599,226,923768,37.91,75.7,54.3,917,5.39,0.38,9.081999,8.675277,2229.858696245781,51.2,16.9924639305306,0.119293258377603,0.2000000000000002,0.5999999999999996,Africa,200963599,130852622.13739261,23973602.54,16.992463930530604,17.211196899414062,29835122.531349536,23973602.54,-5861519.991349537,-0.19646374789278942,False,False,94382.31054887665,0.7079242186116662,False,False
NGA,2024,9.0,6.5,0.993571574423223,4.4,7.1,7.6,5.3,9.2,7.0,5.8,6.9,7.1,7.0,4.7,5.6,8.2,6.4,7.0,18999922.94,1569045.0,1861353.0,,,,,,200963599,226,923768,37.91,75.7,54.3,917,5.39,0.38,9.081999,8.675277,2229.858696245781,51.2,16.75994553396481,0.09454410169077436,-0.2000000000000002,-0.3999999999999995,Africa,200963599,121116345.52289769,18999922.94,16.759945533964807,17.3408145904541,33964097.23600952,18999922.94,-14964174.296009522,-0.44058801834262085,True,False,97966.3446941345,0.7717471962254111,False,False
NGA,2025,9.0,6.4,0.992609750819519,4.6,7.1,7.8,5.3,9.4,7.0,5.8,6.9,7.1,7.0,4.7,5.6,8.1,6.2,6.8,19498025.21,1954811.0,819141.0,229200000.0,7847048.0,3584107.0,1600000.0,2.484759263610978,200963599,226,923768,37.91,75.7,54.3,917,5.39,0.38,9.081999,8.675277,2229.858696245781,51.2,16.78582379841088,0.097022671304767,0.0,-0.2000000000000002,Africa,229200000,7847048.0,19498025.21,16.785823798410885,17.055017471313477,25521133.513566233,19498025.21,-6023108.303566232,-0.2360047331112678,False,False,42011.485324055975,-0.2246734828805435,False,False
PAK,2018,5.9,5.9,0.977597792571268,3.8,6.6,8.6,1.7,9.5,6.5,4.5,5.6,5.8,5.7,7.3,5.4,7.7,5.7,6.0,5358172.46,299374.0,434756.0,,,,,,216565318,287,796095,28.25,57.2,67.1,140,3.51,0.98,30.375321,69.345116,1405.580555608632,36.9,15.49413370258282,0.02474159994537999,,,Asia,216565318,108480375.33897924,5358172.46,15.49413370258282,,,5358172.46,,,False,False,81138.85903531764,0.4720903857792002,False,False
PAK,2019,5.8,5.7,0.973574458440137,3.7,6.5,8.6,1.7,9.5,6.5,4.3,5.5,5.8,5.7,7.3,5.3,7.6,5.5,5.7,8890418.149999999,1338345.0,1465839.0,,,,,,216565318,287,796095,28.25,57.2,67.1,140,3.51,0.98,30.375321,69.345116,1405.580555608632,36.9,16.00048475486007,0.04105190171770717,0.0,-0.2000000000000002,Asia,216565318,105685984.13942996,8890418.149999999,16.00048475486007,,,8890418.149999999,,,False,False,164878.52147147,1.9632911903576364,False,False
PAK,2020,5.5,5.6,0.958781205861207,3.6,6.6,8.6,1.7,9.4,6.5,4.2,5.4,5.8,5.6,7.4,5.3,7.6,5.6,5.9,9681444.56,3367013.0,2026537.0,,,,,,216565318,287,796095,28.25,57.2,67.1,140,3.51,0.98,30.375321,69.345116,1405.580555608632,36.9,16.08572178281419,0.04470450139204653,0.0,0.09999999999999964,Asia,216565318,107083179.7392046,9681444.56,16.085721782814186,15.875463485717773,7845599.4915859,9681444.56,1835845.0684141004,0.2339967864001944,False,False,209321.7584660401,2.7547177239301086,False,True
PAK,2021,5.5,5.5,0.965401677461716,3.6,6.5,8.6,1.6,9.4,6.5,4.1,5.3,5.8,5.6,7.4,5.4,7.6,5.6,5.8,1537348.88,362098.0,384750.0,,,,,,216565318,287,796095,28.25,57.2,67.1,140,3.51,0.98,30.375321,69.345116,1405.580555608632,36.9,14.24557063487142,0.007098776914962903,0.0,0.0,Asia,216565318,107083179.7392046,1537348.88,14.24557063487142,15.973881721496582,8657024.289719537,1537348.88,-7119675.409719537,-0.8224160140308668,True,False,250268.50102478464,3.4838801503373227,False,True
PAK,2025,5.3,5.2,0.989340629604509,5.4,6.8,8.4,1.8,9.1,6.4,4.1,5.1,5.9,5.5,7.4,5.3,7.6,5.7,6.1,1632784.64,295327.0,38616.0,,,,,,216565318,287,796095,28.25,57.2,67.1,140,3.51,0.98,30.375321,69.345116,1405.580555608632,36.9,14.30579809573062,0.007539455786729433,-0.09999999999999964,-0.2000000000000002,Asia,216565318,106028692.49415882,1632784.64,14.305798095730623,16.694869995117188,17802864.672068305,1632784.64,-16170080.032068305,-0.908285286099953,True,False,23650.393952964678,-0.5516401009557664,False,False
PSE,2018,1.9,6.6,0.336597453688401,2.8,5.9,3.7,0.0,5.4,4.8,2.2,1.6,7.1,4.9,1.6,3.9,10.0,6.2,7.8,21172933.45,3228735.0,3448286.0,,,,,,5200000,867,6020,28.6,17.4,74.1,27,3.6,2.6,31.9,35.2,3600.0,76.7,16.86823424710923,4.071717971153846,,,MENA,5200000,1771734.6314644262,21172933.45,16.86823424710923,,,21172933.45,,,False,False,162862.93101427273,1.9273984004414497,False,False
PSE,2019,1.7,6.5,0.699621040158844,2.9,6.6,4.9,0.0,7.0,5.4,2.2,1.5,7.4,5.1,1.6,4.0,10.0,6.3,7.8,27755525.99,1088821.0,1472939.0,,,,,,5200000,867,6020,28.6,17.4,74.1,27,3.6,2.6,31.9,35.2,3600.0,76.7,17.13894554913566,5.337601151923077,0.6000000000000005,0.09999999999999964,MENA,5200000,2158490.5656589577,27755525.99,17.138945549135656,,,27755525.99,,,False,False,53068.31513398863,-0.027778092703520562,False,False
PSE,2020,1.6,6.4,0.743670119662165,3.1,6.6,5.3,0.0,7.6,5.5,2.2,1.4,7.4,5.1,1.6,3.6,10.0,6.1,7.8,36189901.76,12182296.0,12023852.0,,,,,,5200000,867,6020,28.6,17.4,74.1,27,3.6,2.6,31.9,35.2,3600.0,76.7,17.40429070860623,6.959596492307692,0.09999999999999964,-0.2000000000000002,MENA,5200000,2150261.715993426,36189901.76,17.404290708606226,16.755739212036133,18920170.992060296,36189901.76,17269730.7679397,0.9127682183837984,False,True,332243.28928567277,4.943652815446719,False,True
PSE,2021,1.6,6.2,0.347402030781639,3.0,6.4,4.0,0.0,5.8,5.0,2.2,1.4,7.3,5.0,1.6,3.7,10.0,6.2,7.8,27779288.3,4358832.0,5555502.0,,,,,,5200000,867,6020,28.6,17.4,74.1,27,3.6,2.6,31.9,35.2,3600.0,76.7,17.13980131180987,5.342170826923077,-0.5,0.1000000000000005,MENA,5200000,1889470.4804988157,27779288.3,17.13980131180987,17.065256118774414,25783777.67875181,27779288.3,1995510.6212481894,0.07739403613042595,False,False,199987.1969290161,2.5884917651735844,False,True
PSE,2022,1.8,6.0,0.794385716706303,3.0,6.6,5.3,0.0,7.6,5.5,2.2,1.4,7.4,5.1,1.6,3.8,10.0,6.2,7.8,21390715.94,2935520.0,2940361.0,,,,,,5200000,867,6020,28.6,17.4,74.1,27,3.6,2.6,31.9,35.2,3600.0,76.7,16.87846759802845,4.113599219230769,0.5,0.0,MENA,5200000,2183810.103084789,21390715.94,16.878467598028447,17.048152923583984,25346542.39770097,21390715.94,-3955826.457700968,-0.1560696680293473,False,False,137459.6814856558,1.4750279820048682,False,False
PSE,2023,1.7,5.7,0.735977173888561,3.0,6.8,5.3,0.0,7.6,5.5,2.2,1.3,7.5,5.2,1.6,3.8,10.0,6.2,7.8,87674576.38,7469304.0,10010449.0,,,,,,5200000,867,6020,28.6,17.4,74.1,27,3.6,2.6,31.9,35.2,3600.0,76.7,18.28914253367665,16.86049545769231,0.0,0.0,MENA,5200000,2183810.103084789,87674576.38,18.289142533676646,17.034725189208984,25008470.594446808,87674576.38,62666105.78555319,2.5057952084230353,False,True,114177.32954304152,1.0604256186889647,False,False
PSE,2024,1.7,5.5,0.989079977959376,3.1,7.4,6.7,0.0,9.1,6.1,2.2,1.3,7.8,5.4,1.6,3.7,10.0,6.2,7.8,49481106.72,10584687.0,8467243.0,,,,,,5200000,867,6020,28.6,17.4,74.1,27,3.6,2.6,31.9,35.2,3600.0,76.7,17.71710149246513,9.515597446153846,0.5999999999999996,0.0,MENA,5200000,2537017.6501879576,49481106.72,17.717101492465133,17.99259376525879,65175471.355891526,49481106.72,-15694364.635891527,-0.240801705141375,False,False,171120.72791222483,2.0744497858904936,False,False
PSE,2025,1.7,5.4,0.98946626050114,3.2,7.4,7.7,0.0,9.9,6.4,2.2,1.3,7.8,5.4,1.6,3.7,10.0,6.2,7.8,65928182.11,5794004.0,1883328.0,,,,,,5200000,867,6020,28.6,17.4,74.1,27,3.6,2.6,31.9,35.2,3600.0,76.7,18.00407657284536,12.67849655961538,0.3000000000000007,0.0,MENA,5200000,2713621.423739542,65928182.11,18.004076572845356,17.68243408203125,47795118.131635465,65928182.11,18133063.978364535,0.37939155058521146,False,True,28566.357204103315,-0.46409868817582756,False,False
SDN,2018,5.9,7.1,0.96404512401623,2.7,8.2,7.6,1.5,9.3,7.3,4.9,6.9,8.1,7.6,4.2,5.8,9.6,6.8,7.6,42489846.55,5216129.0,6905088.0,,,,,,42813238,25,1861484,32.18,42.1,65.1,295,4.41,0.26,12.862807,30.217636,441.5056033837011,34.9,17.56477572418152,0.9924464613024597,,,Africa,42813238,28361490.097903464,42489846.55,17.564775724181523,,,42489846.55,,,False,False,162511.48357789233,1.9211399718229074,False,False
SDN,2019,6.1,7.1,0.966798839715341,3.0,8.4,7.5,1.6,9.2,7.3,4.9,6.9,8.2,7.6,4.1,5.8,9.7,6.9,7.7,58587608.85,8678331.0,9132379.0,,,,,,42813238,25,1861484,32.18,42.1,65.1,295,4.41,0.26,12.862807,30.217636,441.5056033837011,34.9,17.88603379618467,1.368446106552371,0.0,0.1000000000000005,Africa,42813238,28637704.536568597,58587608.85,17.88603379618467,,,58587608.85,,,False,False,155875.60542410027,1.8029710354534305,False,False
SDN,2020,6.1,7.0,0.948746012269011,3.1,8.4,7.5,1.6,9.2,7.3,4.9,6.8,8.2,7.6,4.1,6.0,9.6,6.9,7.7,75791589.6,29334547.0,28171412.0,,,,,,42813238,25,1861484,32.18,42.1,65.1,295,4.41,0.26,12.862807,30.217636,441.5056033837011,34.9,18.14349790250558,1.770283985528027,0.0,0.0,Africa,42813238,28637704.536568597,75791589.6,18.14349790250558,17.843469619750977,56146202.299183115,75791589.6,19645387.30081688,0.3498969920731878,False,False,371695.75342470856,5.646205758164734,False,True
SDN,2021,6.2,7.0,0.962473770722029,3.3,8.3,7.5,1.6,9.2,7.4,4.9,6.8,8.1,7.5,4.1,6.2,9.7,7.1,7.8,56864162.64,7953054.0,6216952.0,,,,,,42813238,25,1861484,32.18,42.1,65.1,295,4.41,0.26,12.862807,30.217636,441.5056033837011,34.9,17.85617588767576,1.328191122568211,0.1000000000000005,0.1999999999999993,Africa,42813238,29674811.579845138,56864162.64,17.85617588767576,18.059465408325195,69682892.02152139,56864162.64,-12818729.381521389,-0.18395805641307705,False,False,109329.87863110597,0.9741042449248398,False,False
SDN,2022,6.4,7.0,0.961541923449052,3.2,8.2,7.6,1.6,9.4,7.5,4.8,6.8,8.1,7.5,4.1,6.4,9.9,7.3,8.0,65576233.53,5533426.0,5427034.0,,,,,,42813238,25,1861484,32.18,42.1,65.1,295,4.41,0.26,12.862807,30.217636,441.5056033837011,34.9,17.99872390976951,1.531681241442191,0.09999999999999964,0.2000000000000002,Africa,42813238,30711918.62312167,65576233.53,17.99872390976951,17.888221740722656,58715935.62570612,65576233.53,6860297.90429388,0.1168387735150116,False,False,82759.15995441345,0.5009440253082237,False,False
SDN,2023,6.4,6.9,0.980809843736333,3.2,8.1,8.1,1.5,9.8,7.7,4.8,6.8,8.0,7.4,4.1,6.1,10.0,7.7,8.8,81211049.33,9028079.0,9969652.0,,,,,,42813238,25,1861484,32.18,42.1,65.1,295,4.41,0.26,12.862807,30.217636,441.5056033837011,34.9,18.21256188368068,1.896867724183814,0.2000000000000002,0.4000000000000004,Africa,42813238,32786132.709674764,81211049.33,18.21256188368068,17.820905685424805,54893509.04771507,81211049.33,26317540.28228493,0.4794290024237464,False,True,122762.260580647,1.2133024717606917,False,False
SDN,2024,6.4,6.9,0.992981597009492,3.2,8.5,8.2,1.5,9.9,7.8,4.8,6.8,8.2,7.6,4.1,6.0,10.0,7.7,8.8,180666178.75,10121652.0,9693514.0,,,,,,42813238,25,1861484,32.18,42.1,65.1,295,4.41,0.26,12.862807,30.217636,441.5056033837011,34.9,19.01216157562148,4.219867199719863,0.09999999999999964,0.0,Africa,42813238,33270810.875621047,180666178.75,19.012161575621477,18.33746910095215,92015637.19531536,180666178.75,88650541.55468464,0.9634290894113153,False,True,53654.281432275806,-0.017343450503620256,False,False
SDN,2025,6.4,6.8,0.992050018709621,3.2,8.8,8.3,1.5,10.0,7.8,4.8,6.8,8.4,7.7,4.1,5.9,10.0,7.4,8.4,135176453.04,10427611.0,1716545.0,46790687.0,30440770.0,20934770.0,20900000.0,4.440638428002971,42813238,25,1861484,32.18,42.1,65.1,295,4.41,0.26,12.862807,30.217636,441.5056033837011,34.9,18.72209154989726,3.157351776102522,0.0,-0.2999999999999998,Africa,46790687,30440770.0,135176453.04,18.722091549897257,18.637493133544922,124211103.73170154,135176453.04,10965349.308298454,0.0882799442148412,False,False,12698.5503864298,-0.7466659401211191,False,False
SOM,2018,9.1,9.6,0.975028501038095,9.8,9.4,8.4,2.1,9.4,8.1,,8.2,7.1,7.7,6.7,7.0,9.3,8.3,9.2,52967289.37,2565796.0,2773579.0,,,,,,15442905,25,637657,41.75,76.6,57.1,829,6.07,0.02,5.152149,46.199616,305.689070676793,45.6,17.78518511816283,3.429878599266135,,,Africa,15442905,13123179.52353041,52967289.37,17.785185118162833,,,52967289.37,,,False,False,52363.99734509647,-0.04032028863457878,False,False
SOM,2019,8.9,9.5,0.980246471290237,9.8,9.2,8.3,2.0,9.4,8.2,,8.1,7.0,7.6,6.6,7.8,10.0,8.6,9.2,53412057.67,2007136.0,2286411.0,,,,,,15442905,25,637657,41.75,76.6,57.1,829,6.07,0.02,5.152149,46.199616,305.689070676793,45.6,17.79354709622769,3.458679417505968,0.09999999999999964,0.2999999999999989,Africa,15442905,13596899.798555728,53412057.67,17.793547096227687,,,53412057.67,,,False,False,42807.0196075109,-0.21050694185272162,False,False
SOM,2020,8.8,9.4,0.978236220572937,9.8,9.4,8.4,2.0,9.5,8.3,,8.0,7.1,7.6,6.6,7.9,10.0,8.8,9.5,36556082.52,1475364.0,2232251.0,,,,,,15442905,25,637657,41.75,76.6,57.1,829,6.07,0.02,5.152149,46.199616,305.689070676793,45.6,17.41435817408548,2.367176546122637,0.1000000000000014,0.2000000000000011,Africa,15442905,13970988.428435829,36556082.52,17.414358174085482,17.744037628173828,50832049.460056484,36556082.52,-14275966.94005648,-0.2808457870909661,False,False,61063.736758928186,0.11460102387274053,False,False
SOM,2021,8.8,9.4,0.981126218877883,9.7,9.1,8.4,2.2,9.5,7.8,,7.8,6.9,7.4,6.6,2.8,10.0,7.5,9.5,46268713.13,2178175.0,2369174.0,,,,,,15442905,25,637657,41.75,76.6,57.1,829,6.07,0.02,5.152149,46.199616,305.689070676793,45.6,17.64997656991997,2.996114599552351,-0.5000000000000009,-1.300000000000001,Africa,15442905,11801650.343599679,46268713.13,17.649976569919968,17.79250717163086,53356542.027466096,46268713.13,-7087828.897466093,-0.13283898521417536,False,False,51204.66595412301,-0.06096517604752703,False,False
SOM,2022,8.9,9.3,0.979975537683419,9.6,9.0,8.8,2.2,9.9,7.8,,7.7,6.9,7.3,6.6,2.9,10.0,7.4,9.4,71029813.32000001,3131582.0,3372438.0,,,,,,15442905,25,637657,41.75,76.6,57.1,829,6.07,0.02,5.152149,46.199616,305.689070676793,45.6,18.07861026686386,4.599511123069138,0.0,-0.09999999999999964,Africa,15442905,11702018.698454458,71029813.32000001,18.078610266863862,17.864622116088867,57346484.38709581,71029813.32000001,13683328.932904199,0.23860798232268343,False,False,47479.18996716463,-0.1273068906851486,False,False
SOM,2023,8.9,9.2,0.982136630422352,9.5,9.0,8.8,2.1,9.9,8.5,9.0,7.7,6.9,7.3,6.6,9.4,10.0,9.4,9.4,56628902.28,5430905.0,2620087.0,,,,,,15442905,25,637657,41.75,76.6,57.1,829,6.07,0.02,5.152149,46.199616,305.689070676793,45.6,17.85203007148889,3.666985083441231,0.7000000000000002,2.0,Africa,15442905,14918428.978486462,56628902.28,17.852030071488894,17.584819793701172,43350108.784462556,56628902.28,13278793.495537445,0.3063151135689144,False,False,46267.66358632182,-0.14888124459729,False,False
SOM,2024,8.9,9.1,0.980274379591887,9.4,9.0,8.5,2.1,9.6,8.4,9.0,7.7,6.9,7.3,6.6,9.4,10.0,9.4,9.4,33337080.75,1551780.0,1450282.0,,,,,,15442905,25,637657,41.75,76.6,57.1,829,6.07,0.02,5.152149,46.199616,305.689070676793,45.6,17.32218090146195,2.158731194033765,-0.09999999999999964,0.0,Africa,15442905,14743603.638896806,33337080.75,17.322180901461948,17.851001739501953,56570698.89870014,33337080.75,-23233618.14870014,-0.41070056762607887,True,False,43503.56921868441,-0.19810307837401825,False,False
SOM,2025,8.9,8.9,0.970972263890132,9.4,9.1,8.6,2.1,9.7,8.4,9.0,7.7,6.9,7.3,6.6,9.3,10.0,9.4,9.4,56363515.23,2431423.0,237641.0,19300000.0,5979741.0,4571657.0,2700000.0,9.425745233781864,15442905,25,637657,41.75,76.6,57.1,829,6.07,0.02,5.152149,46.199616,305.689070676793,45.6,17.84733263179954,3.649800036327362,0.0,0.0,Africa,19300000,5979741.0,56363515.23,17.847332631799542,17.563364028930664,42429906.15274559,56363515.23,13933609.077254407,0.3283912301642642,False,False,4216.220351517344,-0.8977157175477413,False,False
SSD,2018,9.3,7.0,0.982803030625387,5.2,9.4,7.8,6.3,9.6,8.8,6.4,9.5,9.4,9.5,3.7,9.1,10.0,9.2,9.2,53365968.25,5342585.0,6700411.0,,,,,,11062113,18,644329,35.01,63.7,57.6,1150,4.7,,6.8769919,31.3069788,1084.58490263117,19.9,17.79268382081869,4.824211093305592,,,Africa,11062113,10919376.056121537,53365968.25,17.792683820818688,,,53365968.25,,,False,False,125555.87801734384,1.2630500399750126,False,False
SSD,2019,9.2,6.4,0.976993270584066,5.2,9.2,7.7,5.8,9.5,8.7,6.4,9.5,9.2,9.4,3.7,9.1,10.0,9.0,8.9,79967710.69,7726831.0,8387665.0,,,,,,11062113,18,644329,35.01,63.7,57.6,1150,4.7,,6.8769919,31.3069788,1084.58490263117,19.9,18.19713350729319,7.228972501908089,-0.1000000000000014,-0.1999999999999993,Africa,11062113,10651407.646308174,79967710.69,18.19713350729319,,,79967710.69,,,False,False,104888.14707239071,0.8950077513232834,False,False
SSD,2020,9.1,5.8,0.970820150875438,5.2,9.3,7.7,6.2,9.5,8.7,6.4,9.4,9.3,9.4,3.9,9.1,10.0,9.1,9.0,62382675.09,4034801.0,4614963.0,,,,,,11062113,18,644329,35.01,63.7,57.6,1150,4.7,,6.8769919,31.3069788,1084.58490263117,19.9,17.94879816803139,5.63930915278121,0.0,0.09999999999999964,Africa,11062113,10722776.117264405,62382675.09,17.94879816803139,18.121746063232422,74160783.914376,62382675.09,-11778108.824376002,-0.15881855884876672,False,False,73978.27991935222,0.3445777946326028,False,False
SSD,2021,8.8,5.5,0.96998708100422,5.2,9.2,7.6,6.1,9.4,8.7,6.4,9.3,9.2,9.3,3.8,9.1,10.0,9.2,9.2,69151386.84,13528971.0,14493232.0,,,,,,11062113,18,644329,35.01,63.7,57.6,1150,4.7,,6.8769919,31.3069788,1084.58490263117,19.9,18.05180868586641,6.251191507445277,0.0,0.09999999999999964,Africa,11062113,10794144.588220635,69151386.84,18.051808685866412,17.908082962036133,59893763.67169,69151386.84,9257623.168310001,0.1545673973513506,False,False,209587.0041380997,2.759441107665836,False,True
SSD,2022,8.8,5.4,0.95485693499708,5.2,9.4,7.6,6.0,9.4,8.7,6.3,9.2,9.4,9.3,3.8,9.1,10.0,9.2,9.2,49484152.5,2533042.0,2786217.0,,,,,,11062113,18,644329,35.01,63.7,57.6,1150,4.7,,6.8769919,31.3069788,1084.58490263117,19.9,17.71716304497282,4.473300218502559,0.0,0.0,Africa,11062113,10794144.588220635,49484152.5,17.71716304497282,17.945253372192383,62161932.713844426,49484152.5,-12677780.213844426,-0.20394765188857922,False,False,56305.23832743614,0.029863678591029594,False,False
SSD,2023,8.6,5.3,0.962529211972457,5.2,9.3,7.7,5.9,9.5,8.6,6.3,9.1,9.3,9.2,3.8,9.1,10.0,9.1,9.1,55600285.75,3255484.0,3702674.0,,,,,,11062113,18,644329,35.01,63.7,57.6,1150,4.7,,6.8769919,31.3069788,1084.58490263117,19.9,17.83369891658161,5.026190362546468,-0.09999999999999964,-0.09999999999999964,Africa,11062113,10597544.649363507,55600285.75,17.83369891658161,18.014543533325195,66621873.88608668,55600285.75,-11021588.13608668,-0.1654349764302927,False,False,66594.5138588322,0.2130907839384584,False,False
SSD,2024,8.6,5.3,0.910368096826398,5.2,9.2,7.3,5.9,9.1,8.5,6.3,9.1,9.2,9.2,3.9,9.1,10.0,9.1,9.1,38917034.64,4449489.0,4312951.0,,,,,,11062113,18,644329,35.01,63.7,57.6,1150,4.7,,6.8769919,31.3069788,1084.58490263117,19.9,17.47694264691372,3.518047107275075,-0.09999999999999964,0.0,Africa,11062113,10472313.181462608,38917034.64,17.476942646913717,17.859140396118164,57032987.05023554,38917034.64,-18115952.41023554,-0.3176399018743088,False,False,110824.24546952009,1.0007153031372793,False,False
SSD,2025,8.6,5.3,0.927669153655683,5.2,9.5,7.3,5.9,9.1,8.5,6.3,9.1,9.5,9.3,3.9,9.1,10.0,9.1,9.1,44425815.09,4958219.0,1152840.0,13442554.0,9290088.0,5386982.0,3900000.0,4.7820661214404,11062113,18,644329,35.01,63.7,57.6,1150,4.7,,6.8769919,31.3069788,1084.58490263117,19.9,17.60933130189816,4.016033382591554,0.0,0.0,Africa,13442554,9290088.0,44425815.09,17.609331301898163,17.580589294433594,43167103.55146091,44425815.09,1258711.5385390967,0.029159045545841256,False,False,25949.77712032003,-0.5106936494244058,False,False
SYR,2018,5.0,4.1,0.999071678187717,2.6,8.6,8.5,0.4,10.0,7.5,6.4,4.0,8.6,6.9,4.8,6.3,10.0,7.1,7.8,36974947.64,2958688.0,3173001.0,,,,,,17070135,95,185180,23.69,14.0,71.8,31,2.81,1.22,34.802075,38.996815,2366.999792737433,54.8,17.42575117751352,2.166060645683236,,,MENA,17070135,12024938.67648542,36974947.64,17.42575117751352,,,36974947.64,,,False,False,85814.88825373183,0.5553591538859265,False,False
SYR,2019,5.2,3.4,0.99835116014484,3.4,8.6,8.5,0.4,10.0,7.5,6.5,4.0,8.6,6.9,4.9,6.4,10.0,7.2,7.9,52653212.04,5524665.0,6424499.0,,,,,,17070135,95,185180,23.69,14.0,71.8,31,2.81,1.22,34.802075,38.996815,2366.999792737433,54.8,17.77923782108298,3.084522298154057,0.0,0.1000000000000005,MENA,17070135,12135068.579693463,52653212.04,17.779237821082983,,,52653212.04,,,False,False,122015.3291882245,1.2000014306418005,False,False
SYR,2020,5.0,3.0,0.996720846446251,4.4,8.6,8.5,0.4,10.0,7.5,6.5,3.9,8.6,6.9,4.9,6.4,10.0,7.3,8.0,68737943.05,12398194.0,12396262.0,,,,,,17070135,95,185180,23.69,14.0,71.8,31,2.81,1.22,34.802075,38.996815,2366.999792737433,54.8,18.04581191986099,4.026795514505304,0.0,0.09999999999999964,MENA,17070135,12245198.482901506,68737943.05,18.04581191986099,17.847135543823242,56352407.75326001,68737943.05,12385535.296739988,0.21978715356707146,False,False,180340.89252281835,2.238638612136907,False,False
SYR,2021,5.2,2.8,0.993177241061936,5.4,8.6,8.5,0.4,10.0,7.5,6.5,4.0,8.6,6.9,4.8,6.4,10.0,7.3,8.0,67657796.25999999,7586909.0,6812106.0,,,,,,17070135,95,185180,23.69,14.0,71.8,31,2.81,1.22,34.802075,38.996815,2366.999792737433,54.8,18.02997316477151,3.963518522847065,0.0,0.0,MENA,17070135,12245198.482901506,67657796.25999999,18.02997316477151,18.011842727661133,66442183.91212041,67657796.25999999,1215612.3478795812,0.018295791563495367,False,False,100684.71597450928,0.8201548124315129,False,False
SYR,2022,5.2,2.9,0.984143423098486,6.4,8.6,8.5,0.5,10.0,7.7,6.5,3.9,8.6,6.9,5.0,6.4,10.0,7.8,8.8,46030213.83,11686161.0,9686605.0,,,,,,17070135,95,185180,23.69,14.0,71.8,31,2.81,1.22,34.802075,38.996815,2366.999792737433,54.8,17.64480858295612,2.696534844627767,0.2000000000000002,0.5,MENA,17070135,13182341.621510314,46030213.83,17.644808582956117,18.119857788085938,74020880.07741742,46030213.83,-27990666.24741742,-0.3781455478257266,True,False,210440.14775956474,2.77463353163482,False,True
SYR,2023,5.6,3.0,0.981948184666439,7.1,8.6,8.5,0.5,10.0,7.7,3.5,4.1,8.6,6.9,5.0,5.7,10.0,7.7,8.9,62485132.45999999,5315266.0,6157666.0,,,,,,17070135,95,185180,23.69,14.0,71.8,31,2.81,1.22,34.802075,38.996815,2366.999792737433,54.8,17.95043922177235,3.66049433469624,0.0,-0.09999999999999964,MENA,17070135,13072211.71830227,62485132.45999999,17.95043922177235,18.094572067260742,72172673.82942794,62485132.45999999,-9687541.36942795,-0.13422727544116453,False,False,98546.09820733433,0.7820712037529065,False,False
SYR,2024,5.6,3.1,0.984568395707333,7.7,8.7,8.5,0.5,10.0,7.7,3.5,4.1,8.7,7.0,5.0,6.0,10.0,7.7,8.9,35029130.76,3066171.0,1451610.0,,,,,,17070135,95,185180,23.69,14.0,71.8,31,2.81,1.22,34.802075,38.996815,2366.999792737433,54.8,17.37169060925417,2.052071103128358,0.0,0.0,MENA,17070135,13072211.71830227,35029130.76,17.37169060925417,17.95671272277832,62878365.190887794,35029130.76,-27849234.430887796,-0.44290646466940353,True,False,41440.080540512965,-0.2348488197301394,False,False
SYR,2025,5.6,3.3,0.989254964701778,8.2,8.7,8.5,0.5,10.0,7.7,3.5,4.1,8.7,7.0,5.0,6.0,10.0,7.7,8.9,49657611.71,3268157.0,315041.0,,,,,,17070135,95,185180,23.69,14.0,71.8,31,2.81,1.22,34.802075,38.996815,2366.999792737433,54.8,17.72066226419444,2.909034504413702,0.0,0.0,MENA,17070135,13072211.71830227,49657611.71,17.720662264194445,17.367944717407227,34898160.87359379,49657611.71,14759450.836406209,0.42292918786944345,False,True,6344.264034152354,-0.8598204077339132,False,False
TCD,2025,9.5,8.8,0.949725897186139,8.4,8.0,7.1,3.4,8.8,8.0,6.0,9.3,8.0,8.7,4.0,7.1,10.0,8.3,9.2,10616291.93,579280.0,0.0,19373666.0,7049226.0,5475571.0,2000000.0,1.506022353376101,15946876,13,1284000,42.17,71.4,54.0,1140,5.75,0.04,15.454166,18.732207,709.5403101522832,23.3,16.17790044786896,0.6657286311124511,0.2000000000000002,0.2000000000000011,Africa,19373666,7049226.0,10616291.93,16.177900447868957,16.920764923095703,22314893.384475056,10616291.93,-11698601.454475056,-0.5242508334193531,True,False,0.0,-0.9727964021069412,False,False
UKR,2019,3.3,0.0,0.874192665603623,1.8,6.4,6.9,1.1,8.9,4.7,1.5,2.2,5.2,3.9,3.1,1.6,8.2,3.9,5.7,2987682.19,24377.0,29751.0,,,,,,44385155,75,603550,8.7,7.5,71.6,19,1.3,2.99,48.379433,31.16558,3464.696002931611,69.5,14.91000879217043,0.06731264518508497,0.0,0.0,Europe,44385155,8034172.3034690255,2987682.19,14.910008792170432,,,2987682.19,,,False,False,9957.886447769102,-0.7954705346407829,False,False
UKR,2020,3.0,0.0,0.861464744639107,1.9,6.4,6.7,1.1,8.7,4.9,1.3,2.0,5.2,3.8,3.1,1.4,9.3,4.6,6.8,10725140.42,631720.0,893789.0,,,,,,44385155,75,603550,8.7,7.5,71.6,19,1.3,2.99,48.379433,31.16558,3464.696002931611,69.5,16.1881012087054,0.2416380075725769,0.2000000000000002,0.6999999999999997,Europe,44385155,11043610.079584226,10725140.42,16.188101208705405,15.939525604248047,8364653.631713162,10725140.42,2360486.7882868377,0.28219779230755626,False,False,83335.8785913839,0.5112139890320615,False,False
UKR,2021,3.2,0.0,0.840100329459967,2.0,6.3,6.5,1.1,8.4,4.8,1.4,2.0,5.1,3.7,3.1,1.6,9.3,4.7,6.8,14792256.46,946617.0,669544.0,,,,,,44385155,75,603550,8.7,7.5,71.6,19,1.3,2.99,48.379433,31.16558,3464.696002931611,69.5,16.50961445725187,0.3332703571723474,-0.1000000000000005,0.1000000000000005,Europe,44385155,10827492.465512333,14792256.46,16.50961445725187,16.128826141357422,10107881.68589044,14792256.46,4684374.774109561,0.4634378319493453,False,True,45263.14168262715,-0.16676934955768746,False,False
UKR,2022,3.0,0.0,0.782622095912102,2.1,6.4,5.9,1.1,7.7,4.7,1.4,1.9,5.2,3.7,3.1,1.6,9.3,4.7,6.8,192664497.06,5457866.0,6821691.0,,,,,,44385155,75,603550,8.7,7.5,71.6,19,1.3,2.99,48.379433,31.16558,3464.696002931611,69.5,19.07646088216125,4.340741787654003,-0.09999999999999964,0.0,Europe,44385155,10325019.012776954,192664497.06,19.07646088216125,16.37999153137207,12993911.433072302,192664497.06,179670585.6269277,13.82729030841532,False,True,35407.09940887639,-0.3422816186665134,False,False
UKR,2023,3.5,0.0,0.997176711430429,2.2,6.4,7.2,1.2,9.2,5.4,1.4,2.1,5.2,3.8,3.1,2.8,10.0,5.9,7.8,183672269.28,6674580.0,4911652.0,,,,,,44385155,75,603550,8.7,7.5,71.6,19,1.3,2.99,48.379433,31.16558,3464.696002931611,69.5,19.02866358767514,4.138146397821524,0.7000000000000002,1.2,Europe,44385155,17278603.245886523,183672269.28,19.028663587675137,16.522220611572266,14979910.251536287,183672269.28,168692359.02846372,11.261239633339137,False,True,26741.39117040945,-0.4965969182689753,False,False
UKR,2024,3.5,0.0,0.996610822475379,2.3,6.1,8.1,1.3,10.0,5.6,1.4,2.1,5.0,3.7,3.1,3.2,10.0,6.0,7.8,164338871.75,1396139.0,1525508.0,,,,,,44385155,75,603550,8.7,7.5,71.6,19,1.3,2.99,48.379433,31.16558,3464.696002931611,69.5,18.91744115118859,3.702563880874135,0.1999999999999993,0.09999999999999964,Europe,44385155,18569905.99002077,164338871.75,18.917441151188587,18.4986515045166,108109103.77156976,164338871.75,56229767.97843024,0.5201205635488526,False,True,9282.697293379206,-0.8074940200594938,False,False
UKR,2025,3.5,0.0,0.995754016408664,2.4,6.1,8.1,1.3,10.0,5.6,1.4,2.1,5.0,3.7,3.1,3.2,10.0,6.0,7.8,201206937.33,1302914.0,304814.0,35765386.0,12708866.0,6016366.0,4800000.0,15.83201344085302,44385155,75,603550,8.7,7.5,71.6,19,1.3,2.99,48.379433,31.16558,3464.696002931611,69.5,19.11984448033682,4.533203439978975,0.0,0.0,Europe,35765386,12708866.0,201206937.33,19.119844480336823,18.540374755859375,112715189.37455645,201206937.33,88491747.95544356,0.785091596318775,False,True,1514.9278849096484,-0.9458192013978027,False,False
VEN,2021,6.9,2.3,0.476587825765223,6.7,8.7,5.5,1.3,5.1,6.1,7.0,4.5,8.7,7.1,5.9,4.0,9.0,5.7,7.0,11456037.35,173795.0,220333.0,,,,,,28515829,32,912050,17.88,21.4,72.1,125,2.27,1.92,6.42375,-66.58973,16915.49345340793,88.2,16.25402751576774,0.401743093283383,0.0,0.7999999999999998,Americas,28515829,12992665.60290885,11456037.35,16.254027515767742,17.230676651000977,30422000.890640695,11456037.35,-18965963.540640697,-0.6234291954963278,True,False,19232.915645196208,-0.6303047028315464,False,False
VEN,2022,6.9,2.1,0.506721466677581,6.8,8.7,5.4,1.4,4.9,6.2,7.0,4.5,8.7,7.1,5.9,4.1,9.2,6.1,7.5,9392778.19,155903.0,228233.0,,,,,,28515829,32,912050,17.88,21.4,72.1,125,2.27,1.92,6.42375,-66.58973,16915.49345340793,88.2,16.0554517807689,0.3293882211876077,0.1000000000000005,0.3999999999999995,Americas,28515829,14051378.669679947,9392778.19,16.055451780768898,16.55399513244629,15463532.497991651,9392778.19,-6070754.307991652,-0.39258522001878293,True,False,24298.774586063257,-0.5400940104459454,False,False
VEN,2023,6.9,1.8,0.628472805453073,6.4,8.5,5.9,1.3,5.9,6.5,6.9,4.4,8.5,6.9,5.9,4.0,10.0,6.6,8.2,12163013.0,221887.0,253137.0,,,,,,28515829,32,912050,17.88,21.4,72.1,125,2.27,1.92,6.42375,-66.58973,16915.49345340793,88.2,16.31391026563173,0.4265354866590061,0.2999999999999998,0.5,Americas,28515829,15939706.23794289,12163013.0,16.31391026563173,16.67149543762207,17391556.366692062,12163013.0,-5228543.3666920625,-0.30063688703017155,False,False,20812.030701536532,-0.6021844838811533,False,False
VEN,2024,6.9,1.7,0.615856802207476,6.0,8.5,5.9,1.3,5.8,6.4,6.9,4.4,8.5,6.9,5.9,4.0,10.0,6.5,8.1,12613729.78,177203.0,116210.0,,,,,,28515829,32,912050,17.88,21.4,72.1,125,2.27,1.92,6.42375,-66.58973,16915.49345340793,88.2,16.35029652302569,0.4423413318967511,-0.09999999999999964,-0.09999999999999964,Americas,28515829,15432912.442050513,12613729.78,16.350296523025694,16.783679962158203,19456269.40934744,12613729.78,-6842539.629347442,-0.3516881620718131,True,False,9212.976813174368,-0.8087355731438082,False,False
VEN,2025,6.9,1.6,0.671817310251582,5.5,8.6,6.1,1.3,6.2,5.8,6.9,4.4,8.6,7.0,5.9,4.0,6.8,4.5,5.0,8965515.94,167964.0,22223.0,27112332.0,7943720.0,5125664.0,2000000.0,1.128629400331331,28515829,32,912050,17.88,21.4,72.1,125,2.27,1.92,6.42375,-66.58973,16915.49345340793,88.2,16.00889632537794,0.3144048850903124,-0.6000000000000005,-2.0,Americas,27112332,7943720.0,8965515.94,16.008896325377943,15.519316673278809,5494820.566284043,8965515.94,3470695.3737159567,0.631630338397577,False,True,2478.7195902884405,-0.928656402734712,False,False
YEM,2018,6.9,7.3,0.991568094384175,8.7,8.7,8.0,1.2,9.6,8.0,6.5,6.8,8.7,7.9,4.5,7.9,9.7,8.1,8.2,188161347.32,8837833.0,11629444.0,,,,,,29161922,56,527968,30.45,42.9,66.1,164,3.79,0.31,15.552727,48.516388,922.9296417430922,37.3,19.05281038846519,6.452295816441728,,,MENA,29161922,24075003.64805332,188161347.32,19.05281038846519,,,188161347.32,,,False,False,61805.70114732634,0.12781361466615898,False,False
YEM,2019,7.0,7.3,0.993607229612405,8.9,9.1,8.0,1.7,9.6,8.2,6.5,7.0,9.1,8.2,4.5,8.4,9.8,8.4,8.4,239404030.19,11009720.0,12642954.0,,,,,,29161922,56,527968,30.45,42.9,66.1,164,3.79,0.31,15.552727,48.516388,922.9296417430922,37.3,19.29366318966818,8.20947364820467,0.1999999999999993,0.3000000000000007,MENA,29161922,25299697.876687363,239404030.19,19.29366318966818,,,239404030.19,,,False,False,52810.113471829485,-0.03237603966382479,False,False
YEM,2020,6.8,7.4,0.991881944912812,9.0,9.1,8.4,1.5,10.0,8.4,6.5,6.8,9.1,8.2,4.5,8.4,10.0,8.5,8.6,99093834.22,4532643.0,10480301.0,,,,,,29161922,56,527968,30.45,42.9,66.1,164,3.79,0.31,15.552727,48.516388,922.9296417430922,37.3,18.41157778969622,3.398055663820787,0.2000000000000011,0.09999999999999964,MENA,29161922,26148109.240865976,99093834.22,18.411577789696217,19.16642951965332,210801926.77941844,99093834.22,-111708092.55941844,-0.5299196941226678,True,False,105761.3834643509,0.9105579789262555,False,False
YEM,2021,6.8,7.4,0.995714214056942,8.9,9.1,8.4,1.5,10.0,8.4,6.5,6.9,9.1,8.2,4.5,8.3,10.0,8.5,8.6,113004284.5,13321908.0,9687175.0,,,,,,29161922,56,527968,30.45,42.9,66.1,164,3.79,0.31,15.552727,48.516388,922.9296417430922,37.3,18.54293630073625,3.875062984531678,0.0,0.0,MENA,29161922,26148109.240865976,113004284.5,18.54293630073625,18.507917404174805,109115487.2121072,113004284.5,3888797.2878928035,0.03563927896260455,False,False,85723.96208494445,0.5537399787888647,False,False
YEM,2022,6.7,7.4,0.997693627759632,8.8,9.1,8.4,1.3,10.0,8.4,6.5,6.8,9.1,8.2,4.5,8.4,10.0,8.5,8.6,78568691.27000001,9847571.0,10326781.0,,,,,,29161922,56,527968,30.45,42.9,66.1,164,3.79,0.31,15.552727,48.516388,922.9296417430922,37.3,18.17948386087451,2.694221981322082,0.0,0.0,MENA,29161922,26148109.240865976,78568691.27000001,18.179483860874505,18.49788475036621,108026242.43798645,78568691.27000001,-29457551.167986438,-0.2726888439621219,False,False,131436.3372094458,1.3677667921501127,False,False
YEM,2023,6.6,7.4,0.991026852337417,8.6,9.0,8.4,1.3,10.0,8.3,6.5,6.7,9.0,8.1,4.5,8.2,10.0,8.4,8.5,85897174.57,4104831.0,4714268.0,,,,,,29161922,56,527968,30.45,42.9,66.1,164,3.79,0.31,15.552727,48.516388,922.9296417430922,37.3,18.26866150597154,2.945525146456396,-0.09999999999999964,-0.09999999999999964,MENA,29161922,25629832.842662815,85897174.57,18.268661505971536,18.628116607666016,123051878.34034988,85897174.57,-37154703.77034989,-0.30194341014107473,False,False,54882.68995510824,0.004531533515994082,False,False
YEM,2024,6.6,7.3,0.990936502945678,8.6,9.0,8.0,1.3,9.6,8.2,6.5,6.7,9.0,8.1,4.5,8.3,10.0,8.5,8.6,37084897.52,1568747.0,1496491.0,,,,,,29161922,56,527968,30.45,42.9,66.1,164,3.79,0.31,15.552727,48.516388,922.9296417430922,37.3,17.42872039673271,1.27168907179712,-0.1000000000000014,0.09999999999999964,MENA,29161922,25487839.30891508,37084897.52,17.42872039673271,18.755779266357422,139807811.04562366,37084897.52,-102722913.52562365,-0.7347437368295678,True,False,40353.111375124725,-0.25420511096447235,False,False
YEM,2025,6.6,7.3,0.977963465932457,8.7,9.2,8.0,1.3,9.6,8.2,6.5,6.7,9.2,8.2,4.5,8.3,10.0,8.5,8.7,22622083.55,1111872.0,240223.0,34879018.0,19540217.0,10527030.0,5300000.0,1.157719156854809,29161922,56,527968,30.45,42.9,66.1,164,3.79,0.31,15.552727,48.516388,922.9296417430922,37.3,16.93443717957863,0.7757404861723449,0.0,0.0,MENA,34879018,19540217.0,22622083.55,16.934437179578634,17.769105911254883,52122427.90248446,22622083.55,-29500344.35248446,-0.5659817767444847,True,False,10618.959984761485,-0.7836984142193497,False,False
